プアー	poor	1287		121	-16.7949
プチプチ		1288		302	-13.5745
プログラミングキョウイク	プログラミング教育	1283		17	-13.2035
プロミス		1285		274	-14.1794
プルーム		1288		381	-14.8901
プレーオフシンシュツ	プレーオフ進出	1288		178	-12.6359
プジン	婦人	1285		42	-18.3181
プロトン		1285		83	-12.8871
プロテスタントキョウカイ	プロテスタント教会	1288		325	-13.5472
プログレス		1289		173	-13.2838
プレジデント	president	1285		15	-17.8906
プレイヤーガワ	プレイヤー側	1285	1298	17	-13.3852
プロテニス		1285		362	-13.4152
プク	複	1288		501	
プ	符	1298		395	-18.5163
プラセオジム		1285		405	-15.5290
プレイステーションツー	PlayStation 2	1288		296	-11.7963
プレイン		1285		347	-15.1121
プロレスコウギョウ	プロレス興行	1288		501	-13.9028
プロミネンス		1285		381	-14.9883
プレミア	premiere	1285		501	-17.8906
プラネット	PLANET	1288		40	-14.1651
プトレマイオス		1288		359	-12.0516
プロジェクションマッピング		1288		414	-13.3990
プロフィア		1288		105	-14.6869
プロレタリア		1285		131	-13.3800
プロキシ	プロ棋士	1288		491	-12.9401
プラーク		1288		192	-14.1420
プライムタイム		1288		305	-12.9641
プー&ムー		1289		122	-21.6680
プカッ	ぷかっ	1281		501	-17.6734
プハー	ぷはー	1281		501	-14.5984
プン	粉	1288		501	
プサイ	Ψ	4		447	-9.5146
プラプラ	ぷらぷら	1281		501	-13.5740
プラセンタ		1288		257	-14.2926
プロテクター		1285		64	-13.2339
プーリップ		1288		67	-15.6189
プリント		1283		445	-10.8756
プレッシング		1283		261	-14.6094
プレゼンシリョウ	プレゼン資料	1283	1285	17	-12.7678
プラスマイナス	±	1288		501	-18.7143
プレゼンタ	presenta	1288		501	-17.6581
プリムン	ぷりむん	1285		501	-19.2344
プラス	plus	1288		40	-12.6840
プロシヤ	ぷろしや	1294		501	-17.3743
プッツリ	ぷっつり	1281		501	-14.4386
プレイヤーズ	Players	1288		367	-14.7962
プライバシーケン	プライバシー権	1288		456	-14.4871
プロミス	promise	1285		461	-17.8906
プロヴィデンス		1288		417	-14.4139
プリニウス		1288		94	-13.1876
プラスティック		1289		270	-12.4370
プチゲーム		1285		283	-15.2037
プラマイ	±	1288		501	-19.2500
プチプラ		1288		501	-13.0931
プララ	ぷらら	1288		206	-18.5231
プロブレム	problem	1285		5	-17.8906
プレイガール		1288		401	-14.8089
プラグマティズム		1288		88	-13.6635
ププー	ぷぷー	1281		501	-16.3650
プランタン		1288		35	-14.3244
プロセスルール		1288		31	-14.5081
プス	ぷす	731		501	-17.6572
プラチナランク		1285		17	-12.8875
プリマコフ		1290		68	-13.6613
プリズム		1285		64	-12.8566
プチ	petit	1285		44	-17.8906
プレスリー		1288		25	-13.2399
プレモル		1288		501	-13.4824
プシュプシュ	ぷしゅぷしゅ	1281		501	-16.7275
プレイヤー		1285		283	-9.6250
プ	府	1288		501	
プロレスラー		1285		141	-11.4367
プロパティ		1288		431	-13.1261
プロモ		1288		24	-13.4297
プロテイン		1285		100	-11.6182
プッチーニ		1290		416	-11.4972
プレイヤーノ	プレイヤーの	1285	368	17	-11.1760
プレストン		1289		255	-12.6876
プロレスタイショウ	プロレス大賞	1288		313	-14.0345
プサイセルプ	psi‐celp	1285		501	-18.1929
プッシュ	push!	1288		501	-14.6842
プクゥーッ	ぷくぅーっ	1281		501	-17.6734
プリキュア	ぷりきゅあ	1288		501	-18.5231
プラエトル		1288		38	-14.2782
プレイ		1288		283	-9.2400
プランタジネットチョウ	プランタジネット朝	1288		273	-14.3804
プッツン	ぷっつん	1281		501	-15.2732
プラトニック		1287		66	-13.2536
プカプカ		1282		166	-13.3566
プロジェクトリーダー		1285		17	-13.4393
プヨ		1293		501	-16.6022
プラークリット		1288		340	-14.5158
プツッ	プツっ	1281		501	-16.9196
プロダクションバオバブ	ぷろだくしょんバオバブ	1292		14	-12.1616
プライヤ		1288		270	-14.9692
プ	否	1288		501	
プライバシーマーク		1288		486	-14.5313
プロテクション		1288		64	-14.1079
プニプニ		1281		501	-14.0686
プププ	ぷぷぷ	1288		501	-14.8268
プルン	ぷるん	1281		501	-13.1481
プライズ		1289		296	-12.2554
プラトン	platon	1289		501	-16.8074
プレマシー		1288		501	-15.9815
プレハブ		1285		414	-13.3005
プチプチ	ぷちぷち	1281		501	-14.0292
プリマジ		1285		501	-14.9722
プロフィールガゾウ	プロフィール画像	1288		501	-13.6316
プップップッ	ぷっぷっぷっ	1281		501	-17.1576
プレイス	Place	1289		107	-12.3926
プラチナタイ	プラチナ帯	1285	1298	17	-12.2073
プロット		1283		322	-11.2502
プロモーションコード		1285		17	-12.9488
プクー	ぷくー	1281		501	-16.0996
プリンスジドウシャコウギョウ	プリンス自動車工業	1288		374	-14.9606
プーランク		1289		416	-12.1450
プリムス		1288		168	-14.8988
プロペラシャフト		1288		95	-13.6658
プルルン	ぷるるん	1281		244	-14.3270
プロレタリアドクサイ	プロレタリア独裁	1288		388	-14.0183
プレ		1292		203	-9.7064
プジン	夫人	1285		97	-18.6282
プラグ		1285		95	-12.3469
プレーシ	プレーし	1283	610	17	-11.1810
プライド	pride	1288		461	-14.8915
プログラマブル		1285		431	-15.2921
プー		1285		51	-14.1104
プラザ	plaza	1285		2	-17.8481
プリーズ・プリーズ・ミー		1288		262	-14.7115
プチ		1285		244	-15.0149
プレハブ	ぷれはぶ	1285		501	-18.5412
プレゼント	🎁	1283		501	-22.2046
プロゲステロン		1288		100	-14.0219
プレオープン		1288		501	-13.6912
プーケット		1293		272	-12.4630
プラカード		1285		451	-13.5411
プードル	🐩	1285		501	-24.8212
プレゼントキカク	プレゼント企画	1288		24	-11.5376
プウ	ぷう	1299		150	-16.8507
プレーヤー	player	1285		232	-17.8481
プードル		1285		499	-14.5357
プリンチャン	プリンちゃん	1289		501	-13.9023
プラネット	planet	1288		376	-14.5272
プライズゲーム		1288		296	-14.8948
プラス	plus	1283		40	-17.5433
プリーズ		1292		302	-12.4229
プログラミングゲンゴ	プログラミング言語	1288		431	-11.3897
プロファイリング		1288		294	-13.8881
プロシージャ		1285		45	-14.1408
プハーッ	ぷはーっ	1281		501	-17.6734
プン	奮	1288		501	
プネー		1293		373	-15.3982
プリンス		1285		203	-12.1213
プスン	ぷすん	1281		501	-17.0315
プレートテクトニクス		1288		339	-13.6191
プー		1281		51	-12.4198
プラーナ		1288		189	-13.0096
プラスチックス		1288		180	-15.1353
プロフィール		1285		363	-9.9121
プクピョン	北坪	1293		501	-17.7008
プラス	➕	5		501	-22.3362
プレジャーボート		1288		319	-14.6226
プーチンダイトウリョウ	プーチン大統領	1288		215	-12.5948
プレアデスセイダン	プレアデス星団	1288		466	-14.6545
プリンタイ	プリン体	1288		100	-14.3732
プラスアルファ		1285		177	-13.7828
プレートキョウカイ	プレート境界	1288		501	-14.0393
プロヴディフ		1285		400	-14.3303
プ	婦	1288		501	
プレイステーション		1288		296	-12.4073
プレッツェル		1285		391	-14.1495
プピ		1289		501	-17.9060
プウ	ぷう	1281		150	-13.1766
プシュ	ぷしゅ	1281		501	-14.3925
プイッ	ぷいっ	1281		501	-17.6734
プクド	北道	1290		58	-17.9251
プロジェクトエックス	プロジェクトX	1288		244	-13.9962
プイッ	プイっ	1281		501	-16.9196
プク		1289		501	-13.4156
プレーンヨーグルト		1288		501	-14.5528
プロダクト	ぷろだくと	1285		501	-18.5412
プロレタリアート		1285		388	-13.5928
プライド	PRIDE	1292		250	-10.2380
プクッ	プクっ	1281		501	-16.9196
プロキシ		1288		431	-13.8608
プラットフォーム		1285		315	-10.2703
プラモ		1285		296	-12.6541
プルダウン		1288		197	-14.9285
プリンター		1285		139	-12.1579
ププーッ	ぷぷーっ	1281		501	-17.6734
プリンス	Prince	1288		44	-13.1304
プッシュロッド		1288		95	-14.6999
プップップー	ぷっぷっぷー	1281		501	-17.6734
プク	覆	1288		501	
プレサージュ		1288		254	-14.7573
プロフカード		1285		501	-15.1803
プックリ	ぷっくり	1281		501	-12.9256
プロボクシング		1288		250	-12.9297
プリンスホテル		1292		35	-11.9082
プレースタイル		1288		198	-12.3018
プロレスファン		1285		17	-13.2962
プク	ぷく	1281		501	-18.1434
プラセボ		1289		192	-12.4361
プレーンズ		1288		140	-15.5682
プレーン		1288		64	-13.0826
プゥ〜		1281		501	-16.9196
プー	pooh	1285		501	-17.8906
プロセンシュ	プロ選手	1288		334	-12.4921
プロキシマ・ケンタウリ		1288		466	-13.8932
プレスカコウ	プレス加工	1288		270	-13.9806
プエ	ぷえ	3		501	-16.9819
プロ	pro	1285		5	-17.8906
プイ	ぷい	1281		113	-12.8337
プロペニル	プロぺニル	1285		501	-17.8481
プラバン	プラ板	1285		139	-17.9816
プリッ	プリっ	1281		501	-16.9802
プロコウザ	プロ講座	1285		17	-12.9488
プイ		1281		104	-16.9196
プタ	二	1295		134	-16.6761
プニプニ	ぷにぷに	1281		152	-12.1016
プリップリ	ぷりっぷり	1281		501	-16.3318
プランクトン		1285		116	-12.8142
プレミ		1288		501	-14.5350
プラズマクラスター		1288		139	-14.6011
プラウトゥス		1289		189	-14.8634
プリティー		1288		203	-14.7054
プリティー	pretty	1287		121	-16.7040
プロジェクション	projection	1285		336	-17.9351
プーレ		1289		501	-15.3108
プリン		1285		75	-10.4391
プロトンポンプ		1288		111	-14.9272
プルキンエサイボウ	プルキンエ細胞	1288		183	-14.3764
プラン	plan	1285		453	-17.8906
プリンストン	Princeton	1288		15	-14.8280
プラレール		1288		319	-13.2716
プール	ぷーる	1283		501	-18.1494
プサンクァンニョックシ	釜山広域市	1288		117	-13.9356
プリパラ		1288		296	-14.2608
プレリュード		1285		458	-14.2460
プエルトリコ		1294		272	-10.6824
プラ	ぷら	1281		113	-18.1434
プスコフ		1288		446	-14.2782
プロコーチ		1285		334	-14.5881
プロセカ		1283		501	-11.7901
プロレスリング・ノア		1292		141	-11.4454
プロパガンダ	詭言	1285		501	-18.3181
プロセッサ		1285		431	-11.3238
プロンプター		1285		132	-14.6837
プロンプト		1288		45	-12.1282
プロダクションアイジー	Production I.G	1289		96	-12.8490
プラシド		1289		501	-14.5470
プロカ		1288		501	-13.0147
プロボノ		1288		419	-13.8024
プレデター		1288		190	-12.7496
プログラミング		1283		431	-10.0023
プレミアムシリーズ		1285		17	-12.1779
プロレスチュウケイ	プロレス中継	1288		305	-14.2299
プ		1285		448	-12.4582
プリクラ		1288		24	-12.3470
プレゼンス	presence	1285		398	-17.9351
プレゼント	present	1288		121	-13.5342
プロコン		1288		362	-13.5361
プレヴェン		1288		373	-14.9129
プレジデント	PRESIDENT	1288		501	-14.7878
プロボウル		1288		62	-13.6040
プロジェクトヲ	プロジェクトを	1285	156	17	-11.0622
プラザ		1293		2	-12.5975
プラトー		1288		432	-14.1213
プロポーズ		1283		161	-11.5668
プクク	北区	1288		18	-13.7862
プレイハウス		1288		448	-14.9480
プロダクトデザイン		1288		294	-12.8418
プロイセンオウコク	プロイセン王国	1288		446	-12.1701
プロイセン		1293		446	-9.4774
プラスシコウ	プラス思考	1288		54	-13.3713
プツッ	ぷつっ	1281		501	-17.6734
プレートアーマー		1288		264	-14.3891
プライスレス		1288		501	-13.6754
プレミアムフライデー		1288		501	-14.7458
プラズマ		1285		339	-12.1950
プレイス		1289		64	-12.1232
プレフィックス		1285		45	-14.8212
プ	釜	1288		501	
プリンセスメーカー		1288		103	-14.6257
プウタロウ	ぷう太郎	1285		501	-18.9467
プラ		1285		270	-15.4975
プク	福	1288		501	
プラバン	プラ板	1288		139	-13.6128
プレーヤー	prayer	1285		54	-17.9351
プリンスジドウシャ	プリンス自動車	1288		92	-14.8921
プリ	ぷり	1300		80	-16.6577
プログラミングスキル		1283	1285	17	-13.4677
プロジェクトマネージャー		1288		173	-13.3737
プロバイオティクス	probiotics	1285		501	-17.9351
プログラムヲ	プログラムを	1283	156	17	-11.0680
プペル		1285		501	-14.5424
プロペラント		1288		289	-14.1436
プリ		1285		244	-12.5236
プル	ぷる	1281		80	-12.2076
プレゼント		1283		445	-9.1324
プリ		1300		244	-16.3895
プラット・アンド・ホイットニー		1292		213	-12.7100
プロモーションビデオ		1288		478	-12.8732
プログラム	program	1288		453	-13.7977
プリマ		1285		324	-14.5600
プリンキピア		1285		65	-15.8477
プロゴルフ		1288		362	-14.1367
プロパノール		1288		111	-14.7170
プレイアブル		1285		177	-14.5351
プロダクト	product	1288		5	-13.8521
プラクティス	practice	1285		461	-17.9351
プレンティス		1289		470	-15.3566
プロペラ		1285		95	-12.0713
プラウラー		1289		501	-13.7459
プハ	ぷは	1281		501	-13.2814
プローブ		1289		384	-12.1139
プログラムズ	Programs	1288		234	-14.9473
プロジェクトマネージャ		1288		294	-14.6349
プププッ	ぷぷぷッ	1281		501	-14.0431
プリオン		1289		100	-12.6609
プヨプヨツウ	ぷよぷよ通	1288		177	-14.6804
プレミアムバンダイ		1288		92	-14.7701
プログレッシブ		1288		64	-13.5434
プッカリ	ぷっかり	1281		501	-17.6734
プリプリッ	ぷりぷりっ	1281		501	-17.6734
プロパー		1288		378	-13.3778
プントランド		1288		19	-14.3670
プリンス・オブ・ウェールズ		1288		230	-13.0670
プリキュア		1288		26	-10.9792
プリント	print	1288		5	-13.7236
プラモデル	ぷらもでる	1285		501	-18.5412
プリペイド		1288		118	-13.0319
プサイ	ψ	4		447	-9.8456
プップッカ	ぷっぷっか	1281		501	-17.6734
プリムローズ	primrose	1285		501	-17.9351
プラトーン		1289		401	-13.4075
プラット		1288		255	-14.8512
プロシア	普魯西	1294		501	-17.0867
プリントアウト		1288		445	-12.9875
プー	ぷー	1281		80	-11.2712
プクーッ	ぷくーっ	1281		501	-17.6734
プリウス		1288		168	-12.7809
プロセシング	Processing	1288		453	-13.9018
プレゼントヲ	プレゼントを	1283	156	17	-11.1155
プロダクツ		1288		274	-14.3162
プリント	print	1283		5	-17.4988
プロテスタンティズム		1288		88	-14.5222
プレゼントプレゼント	プレゼント🎁	1283		17	-22.5133
プレイタウン		1285		501	-13.6998
プレーオフ		1285		178	-10.8892
プ	付	1288		501	
プロヴァンスゴ	プロヴァンス語	1288		340	-14.7914
プププッ	ぷぷぷっ	1281		501	-17.6734
プロニ	プロに	1285	151	17	-11.0875
プロファチ		1285		470	-14.8036
プレイステーションツー	プレイステーション2	1288		296	-13.8611
プロフィール	PROFILE	1288		501	-14.5927
プリプロセッサ		1285		77	-15.1350
プレジデント	president	1288		15	-14.8010
プロスポーツ		1288		362	-12.4467
プレゼンテーター		1285		334	-15.9635
プロトン		1292		83	-12.0589
プレゼン		1283		451	-10.7052
プレミアリーグ		1288		348	-11.7779
プラマイゼロ		1285		501	-14.9964
プファルツ		1285		446	-13.9614
プロムナード		1285		414	-14.0605
プタ	ぷた	1295		501	-17.2822
プリカ		1285		206	-15.7470
プローブ	probe	1285		5	-17.8906
プロト		1288		105	-13.8477
プサイセルプ	psi−celp	1285		501	-17.9351
プレゼントエラビ	プレゼント選び	1283	1285	17	-13.2035
プロジェクトメンバー		1285		17	-13.1319
プラスマイナスゼロ	±0	1288		23	-13.6604
プロット	plot	1283		5	-17.5433
プレビューコウエン	プレビュー公演	1288		501	-14.9403
プログラマ		1285		431	-12.3901
プグチ	プ口	1285	1298	17	-12.6064
プル		1285		89	-16.3459
プロブレム		1285		283	-14.0877
プラティーハーラチョウ	プラティーハーラ朝	1288		359	-14.9606
プロフ		1285		152	-15.5298
プン	糞	1288		501	
プチブル		1285		126	-15.9435
プリマス		1293		138	-12.2023
プロジェクタ		1285		139	-14.3338
プロスト		1290		63	-11.9091
プア	ぷあ	1287		501	-14.1751
プレミアプロコウザ	プレミアプロ講座	1285		17	-12.9488
プラクシテレス		1289		84	-15.5414
プラズマディスプレイ		1288		139	-14.4163
プラクティショナー		1285		501	-15.7697
プレイ		1285		283	-12.5194
プツ	ぷつ	1281		501	-15.5692
プレップホウ	PREP法	1288		501	-14.5781
プラナー		1288		105	-14.7181
プロヤキュウサイヘンモンダイ	プロ野球再編問題	1288		316	-14.2926
プロフィールページ		1288		363	-13.5997
プッチョ	ぷっちょ	1288		80	-14.8150
プン	紛	1288		501	
プレゼント	🎁	5		501	-20.8199
プール		1283		414	-14.2094
プレイヤーサン	プレイヤーさん	1285	1302	17	-13.3595
プル		1289		89	-12.1192
プラウダ		1288		201	-13.9624
プロキュウ	プロ級	1285	1298	17	-13.3748
プチバヤシ	ぷちばやし	1289		501	-18.1292
プロジェクター		1285		139	-12.7154
プロテオグリカン		1288		83	-14.6308
プロモーション		1285		478	-11.0074
プレミアシップ		1288		348	-14.8181
プログレス	progress	1285		461	-17.9351
プロフェッショナル		1287		334	-12.6232
プリコネ		1285		501	-13.7282
プロム		1288		290	-14.6939
プラスニュース		1285		17	-11.9553
プロイリゴ	プロ入り後	1288		198	-13.4642
プラスチックセイ	プラスチック製	1285	1298	17	-12.4252
プチギフト		1288		501	-14.2901
プリークネスステークス		1288		245	-14.6061
プロイリ	プロ入り	1285	1297	17	-13.3056
プレミア		1285		24	-11.7811
プロバイダー		1285		294	-13.9010
プロラクチン		1288		100	-14.2378
プウッ	ぷうっ	1281		501	-17.6734
プロテンコウ	プロ転向	1288		7	-13.8710
プロレスリング		1288		141	-13.3124
プロナミ	プロ並み	1285	1298	17	-13.1669
プルーフ	proof	1288		5	-14.7126
プレーゲル		1293		501	-15.9091
プラグイン		1288		431	-11.8698
プリプリ	ぷりぷり	1281		501	-13.0218
プロダクト	product	1285		5	-17.8906
プッチンプリン		1288		501	-14.5495
プライバシー		1285		216	-12.0065
プレーン		1287		64	-13.0013
プ	ㇷ゚	1288		501	-20.0000
プライ		1289		454	-14.5752
プサンコウ	釜山港	1293		410	-13.8535
プチプチ		1281		302	-14.0740
プライベートクウカン	プライベート空間	1288		501	-14.4601
プラベ		1285		501	-13.4499
プログラムノ	プログラムの	1283	368	17	-11.4100
プロダクション		1285		449	-11.3264
プロメーテウス		1288		222	-14.2782
プラネット	planet	1285		376	-17.8906
プルースト		1289		204	-12.1156
プレイスタイル		1285		307	-15.0017
プシュー	ぷしゅー	1281		501	-15.2202
プロパガンダエイガ	プロパガンダ映画	1288		179	-14.3673
プロピレン		1288		405	-14.4814
プロヤキュウドラフトカイギ	プロ野球ドラフト会議	1288		306	-12.9634
プププランド		1288		51	-14.7515
プレシオン	Precision	1289		453	-13.6467
プロダクション	ぷろだくしょん	1285		449	-18.5412
プッシュプル		1285		467	-15.2584
プリマス	ぷります	1293		501	-18.3940
プレス		1283		64	-11.2328
プロボクサー		1288		334	-12.3585
プク	服	1288		501	
プロダクトカイハツ	プロダクト開発	1285	1283	17	-12.9734
プロテクトモード		1288		431	-13.8479
プランニング		1283		274	-12.3206
プシェミスル		1288		492	-14.8988
プリーストリー		1288		210	-14.6262
プロスピ		1288		454	-13.7222
プルタブ		1285		270	-14.4045
プレジデントオンライン		1285		17	-13.3852
プロモート		1285		141	-14.7000
プロビデンス		1289		138	-12.6182
プス	伏す	731		418	-17.2539
プラットホーム		1285		469	-12.0652
プレスト		1285		458	-14.9471
プレーヤー		1285		283	-11.3535
プラテン	プラ転	1288		501	-14.9142
プロレタリアブンガク	プロレタリア文学	1288		323	-13.5057
プロログ	Prolog	1288		77	-14.4176
プロバイダ		1288		363	-12.7221
プランクテイスウ	プランク定数	1288		447	-13.7766
プロカ	プロ化	1285	1297	17	-13.4337
プジョル		1289		68	-14.8827
プツプツ	ぷつぷつ	1281		501	-14.9086
プランテーション		1288		55	-12.4055
プロフェッショナル		1285		334	-11.7948
プド		1293		501	-16.6022
プライムニュース		1288		27	-14.6592
プロライフ		1288		430	-14.5580
プチプチッ	ぷちぷちっ	1281		501	-17.6734
プルーン		1288		391	-13.9124
プティパ		1288		0	-14.3449
プレイベント		1285		172	-14.8738
プライベートブランド		1285		274	-13.5353
プリセット		1288		139	-12.3016
プクン	ぷくん	1281		501	-14.9992
プリアンプ		1288		139	-14.4783
プロマネ		1288		501	-14.9894
プルオーバー		1285		242	-15.3257
プンプン	😡	5		501	-20.3269
プーシキン		1289		204	-12.5948
プライマー		1289		83	-12.2144
プロフィールシャシン	プロフィール写真	1288		113	-13.1918
プライベートアクトレス	P.A.	1288		493	-14.7555
プラスチド		1285		355	-14.9439
プロトコール		1285		197	-15.3687
プラスマイナス	プラス・マイナス	1289		122	-19.1420
プロダクト		1285		431	-10.8012
ププ		1288		501	-17.5206
プライベーター		1285		421	-13.5645
プラセボコウカ	プラセボ効果	1288		241	-14.3518
プルート		1289		91	-12.6365
プログレッシブ・メタル		1288		412	-14.9685
プーマ		1292		421	-12.4036
プールサイド		1288		113	-13.8306
プウタ	プー太	1285		501	-18.0304
プログラミングスクール		1283	1285	17	-12.4639
プロフィールラン	プロフィール欄	1285		17	-12.3704
プルプル		1285		389	-14.9380
プレビュー		1285		24	-13.0688
プロコピオス		1289		189	-13.6806
プラッツ		1292		470	-13.3825
プロキオン		1288		466	-14.7010
プロフイル	ぷろふいる	1285		57	-18.5412
プロレスダンタイ	プロレス団体	1288		141	-12.5441
プロフットボール		1288		62	-14.4205
プラネット		1292		203	-12.1311
プロポーザル		1285		214	-14.8256
プレイステーションヴィータ	PlayStation Vita	1288		296	-14.2337
プスリ	ぷすり	1281		501	-17.1576
プラドビジュツカン	プラド美術館	1288		130	-14.8101
プレゼントヨウ	プレゼント用	1283	1298	17	-13.4736
プロセス		1285		431	-10.0114
プレジャー		1288		203	-14.9529
プッシュ	Push	1289		40	-13.8251
プフィッツナー		1289		416	-15.1847
プロシュート		1288		501	-14.8941
プライオリティ		1285		45	-14.5735
プヨプヨ	ぷよぷよ	1281		296	-13.0425
プレシャス		1289		203	-13.2291
プッシュ	push	1289		232	-13.0922
プレイガイド		1285		118	-14.5519
プロジェクト	project	1285		453	-17.8906
プロコピウス		1289		130	-14.0432
プラント		1285		281	-11.8945
プロモーション・ビデオ		1288		478	-14.3646
プライド		1285		127	-11.0301
プラット	ぷらっと	1288		244	-18.5231
プリントエフ	printf	1288		45	-13.8350
プロサッカークラブ		1288		372	-13.0846
プレスキ	プレス機	1288		270	-14.7005
プロトコル		1285		431	-11.7666
プーサン	プーさん	1289		415	-11.2067
プセ	伏せ	734		418	-17.6527
プリフロップ		1285		501	-14.9755
プレゼンター		1288		409	-12.3986
プレミオ		1288		105	-14.9592
プリンツィプ		1285		326	-15.1235
プログレス	progress	1289		461	-13.9089
プツン	ぷつん	1281		501	-14.7395
プラグ	Plug	1289		453	-13.3730
プリースト		1288		459	-14.8405
プレミア	Premier	1288		107	-14.5709
プロメシューム		1288		212	-14.4464
プ	腑	1288		501	
プレーンテキスト		1288		45	-14.6746
プタ	2	1295		361	-17.1280
プラトン		1289		88	-10.4047
プロテクション	protection	1285		15	-17.8906
プロボ		1293		140	-15.3029
プラザ		1285		2	-12.1995
プリンストンコウトウケンキュウジョ	プリンストン高等研究所	1292		314	-12.8768
プレイス	place	1289		121	-11.7148
プレーリー		1288		432	-13.7884
プリ		1292		244	-13.0708
プラスミド		1288		83	-13.2656
プラ		1293		270	-16.7845
プスプス	ぷすぷす	1281		501	-15.7310
プチ	ぷち	1281		244	-17.8069
プログラムス	programs	1285		121	-17.8906
プス	ぷす	1289		501	-13.4022
プツン		1281		501	-13.9447
プ	譜	1285		458	-19.0802
プーチン		1288		215	-11.3049
プロテスト		1285		364	-13.9161
プチ	プち	1285		501	-17.8073
プレー		1283		198	-9.5212
プレゼントキャンペーン		1283	1285	17	-11.7570
プソ	伏そ	732		418	-17.6547
プリンスリーグ		1288		372	-14.9990
プレーン		1289		64	-13.5280
プラスティック・オノ・バンド		1289		180	-13.6294
プ	父	1288		501	
プウ	封	1288		501	
プロフ		1288		152	-10.9146
プッ	ぷっ	1281		501	-12.4141
プラダ		1292		274	-12.4923
プロテウス		1288		173	-14.4822
プロトアクチニウム		1285		83	-15.8671
プロイシキ	プロ意識	1288		127	-13.0287
プロパガンダ		1285		388	-11.9779
プラハ		1293		463	-10.4034
プログラム	program	1283		453	-17.5433
プロレス		1285		141	-10.7025
プリミティブ		1288		45	-14.1904
プロヤキュウチップス	プロ野球チップス	1288		501	-14.4964
プクッ	ぷくっ	1281		501	-17.6734
プロジェクト	PROJECT	1288		40	-12.4205
プププ	ぷぷぷ	1281		501	-18.1434
プー		1288		51	-16.1207
プリンシパル		1288		98	-13.8713
プレーケイケン	プレー経験	1288		334	-14.3843
プロジェクトチーム		1288		214	-12.7306
プロテスタント		1288		325	-10.5508
プラティニ		1289		348	-13.2933
プラン		1285		118	-10.2128
プラットホーム	ぷらっとホーム	1288		501	-17.9779
プルシャ		1288		186	-14.7452
プーリー		1285		95	-14.3577
プランハッピョウ	プラン発表	1285	1283	17	-13.5533
プロヴァンス		1293		34	-11.2738
プ	峰	1288		501	
プウプウ	ぷうぷう	1281		501	-16.8190
プーラ		1288		400	-14.5355
プラス	+	1283		241	-19.0249
プリティ		1288		203	-13.9219
プレミアコウカイ	プレミア公開	1285	1283	17	-12.3958
プラントウジョウ	プラン登場	1285	1283	17	-13.2731
プレミアムビール		1288		274	-14.9923
プレイステーションスリー	PlayStation 3	1288		296	-13.1432
プクド	北道	1293		58	-17.9251
プファルツセンテイコウ	プファルツ選帝侯	1288		34	-13.9905
プロローグ		1285		424	-12.4475
プロイリ	プロ入り	1288		306	-10.7434
プルッ	ぷるっ	1281		501	-17.6734
プルードン		1288		291	-13.9255
プラスチック		1285		270	-10.9962
プリッ	ぷりっ	1281		501	-17.6734
プルプル	ぷるぷる	1281		113	-12.3787
プチコ	ぷちこ	1289		177	-18.1292
プラス	ぷらす	1283		415	-18.2364
プレイボーイ		1288		25	-12.9904
プレスコット		1288		138	-14.6582
プライム	prime	1288		226	-13.3622
プロファイル	Profile	1288		453	-13.1584
プク	腹	1288		501	
プリ		1288		244	-14.1130
プライバシーポリシー		1288		206	-13.8315
プレミアムカイイン	プレミアム会員	1285		17	-12.7118
プロジェクション		1285		289	-15.5347
プレミア	Premiere	1288		232	-14.6783
プロフェッサー		1285		25	-14.6091
プ	腐	1288		501	
プロ		1285		334	-9.0520
プレゼントトウセンシャ	🎁当選者	1283	1298	17	-22.9703
プロモーター		1288		141	-12.0537
プロシア	普魯士亞	1294		501	-17.0867
プファルツ		1293		446	-13.1057
プルプル		1281		389	-12.2823
プレス	press	1283		121	-17.5433
プロデビュー		1288		303	-11.9681
プロセスチーズ		1288		391	-14.5618
プア		1287		462	-16.6614
プスカシュ		1285		428	-14.8586
プラハノハル	プラハの春	1288		298	-13.6550
プッチ		1288		368	-14.4687
プランク		1289		65	-11.5934
プラナリア		1288		382	-14.7081
プンプン	😠	5		501	-21.5697
プーアル	普洱	1285		501	-18.3181
プロコンスル		1288		446	-14.8595
プノンペン		1293		272	-12.1288
プレイステーション	PlayStation	1288		296	-11.5755
プロヒビット	prohibit	1288		501	-15.0026
プレー	play	1283		121	-17.5898
プレイリスト		1288		363	-11.6368
プン	ぷん	1281		80	-17.8069
プロフィールチョウ	プロフィール帳	1285	1298	17	-13.4064
プログラムピクチャー		1288		449	-14.6853
プウ	風	1299		307	-16.3987
プリモゲ		1288		1	-14.7503
プルゼニ		1288		463	-14.7944
プリアモス		1289		222	-13.4062
プレミアム	Premium	1288		40	-12.1683
プリティー	Pretty	1288		367	-14.2897
プップッ	ぷっぷっ	1281		501	-16.7275
プリンセス		1285		203	-11.9386
プカー	ぷかー	1281		501	-16.7275
プログラムナイゾウホウシキ	プログラム内蔵方式	1288		197	-14.3919
プロフィールキジ	プロフィール記事	1285		17	-12.4606
プロペラキ	プロペラ機	1288		413	-13.4033
プロティノス		1289		88	-13.3301
プロレスワザ	プロレス技	1288		137	-13.6138
プリーツ		1285		242	-14.0774
プロジェクトノ	プロジェクトの	1285	368	17	-10.9601
プラクティス	Practice	1289		15	-12.8840
プロフィール	profile	1288		461	-13.3678
プライムタイムエミーショウ	プライムタイム・エミー賞	1288		313	-14.5815
プチ	ぷち	1285		244	-18.3871
プロパン		1285		405	-14.2706
プロテインバー		1285		17	-12.9892
プロファイル		1288		431	-12.7256
プロセイカツ	プロ生活	1288		306	-14.4147
プシュー		1281		501	-14.1088
プロプライエタリソフトウェア		1288		501	-14.6519
プロメチウム		1285		111	-15.7288
プログラム		1283		431	-8.9898
プク	幅	1288		501	
プレシャス	precious	1285		277	-17.9351
プツリ	ぷつり	1281		501	-15.1417
プロケイヤク	プロ契約	1288		306	-13.0151
プロフィールアイコン		1288		501	-14.7986
プシュッ	ぷしゅっ	1281		501	-17.6734
プロテクト		1283		431	-13.2469
プフ		1285		501	-17.8481
プライベート		1287		324	-11.0245
プルコギ		1285		93	-14.2818
プレイゾーン	PLAYZONE	1288		172	-14.4477
プレデターズ		1288		62	-14.9278
プログラム	Programme	1289		15	-13.6134
プログラム	PROGRAM	1288		302	-14.9909
プレー		1293		198	-14.1081
プロメテウス		1289		190	-12.4617
プラマイ		1288		501	-13.6066
プラチナ		1285		24	-11.4570
プロジャンシ	プロ雀士	1288		501	-14.0953
プラット	ぷらっと	1281		244	-13.9375
プロヤキュウマスターズリーグ	プロ野球マスターズリーグ	1288		372	-13.9129
プロヤキュウ	プロ野球	1288		316	-9.8737
プロリン		1288		83	-14.5231
プット		1288		289	-14.4430
ププッ	ぷぷっ	1281		501	-17.6734
プリ	振り	1300		21	-16.7378
プシ	伏し	735		418	-17.7286
プチパニック		1285		501	-15.3842
プランニングオフィスワダ	POW	1292		89	-13.2764
プ	附	1288		501	
プロダクションジンリキシャ	プロダクション人力舎	1288		14	-14.5341
プク		1285		501	-16.4090
プログレッシブ・ロック・バンド		1288		196	-14.5067
プロセスヲ	プロセスを	1285	156	17	-11.2544
プレミアプロ		1285		17	-12.9488
プン	憤	1288		501	
プレジデント		1285		203	-13.4942
プレッパー		1288		501	-13.5088
プラバン		1285		501	-15.3358
プレイリョウキン	プレイ料金	1288		501	-15.0019
プク	復	1288		501	
プレイオフ		1288		178	-12.1073
プルシェンコ		1288		175	-14.6081
プラダ	PRADA	1288		40	-14.7087
プンプン		1282		501	-12.0923
プシュケー		1288		429	-14.4704
プラチナム		1289		318	-13.0854
プルリチン	purlytin	1285		501	-17.8906
プロジェクトエッグ	プロジェクトEGG	1288		24	-14.1967
プレボ		1285		501	-15.8299
プランター		1288		75	-13.1044
プルトニウム		1285		405	-12.6772
プエブラ		1293		272	-14.7564
プレスリリース		1288		363	-11.3760
プラソニカ	ぷらそにか	1289		122	-20.4170
プロポーション		1285		307	-13.4716
プララ	ぷらら	1292		206	-13.6475
プイプイ	ぷいぷい	1288		244	-14.4809
プワーッ	ぷわーっ	1281		501	-17.6734
プン	吻	1288		501	
プレジャー	Pleasure	1288		367	-13.9107
プレゼンス		1285		79	-13.5827
プライヤー		1285		64	-15.3392
プロマイド		1288		152	-14.7777
プン		1281		501	-16.9196
プロツアー		1288		428	-14.5458
プレーパーク		1293		501	-13.8401
プリン	ぷりん	1285		80	-13.6546
プライベートレッスン		1288		113	-14.6237
プレイヤーキャラクター		1288		283	-12.2940
プルートー	腐留頭	1289		501	-17.9060
プレイステーションストア	PlayStation Store	1288		24	-14.7807
プリキュアシリーズ		1288		322	-14.2309
プリンセスサマ	プリンセスさま	1285	1302	17	-13.1953
プラット		1285		255	-14.2524
プッ		1281		54	-13.2467
プリンティング		1285		288	-15.1925
プ	富	1288		501	
プラ		1288		270	-11.8790
プレゼ		1285		501	-14.8854
プロパンガス		1285		281	-14.6597
プラネタリウム		1285		414	-12.4918
プレッシャー		1285		48	-11.1349
プラチャンダ		1289		68	-13.6806
プロダクトマネジメント		1288		501	-14.1904
プクプク	ぷくぷく	1281		501	-13.0905
プセ	伏せ	729		418	-17.6467
プレイヤーガ	プレイヤーが	1285	148	17	-11.1260
プロダクトマネージャー		1288		92	-13.4377
プライム		1285		203	-12.1789
プール		1285		414	-10.7634
プレシジョン		1285		105	-15.9275
プラットフォーマー		1288		501	-13.7644
プレイステーションフォー	PlayStation 4	1288		296	-13.1739
プリムラ		1285		448	-15.2863
プレステファイブ	プレステ5	1288		501	-15.0026
プレゼントトウセン	🎁当選	1283		17	-22.9703
プレミアム		1285		24	-11.0779
プレイボーイ	PLAYBOY	1288		201	-14.4528
プレデビュー		1288		262	-14.8803
プシャ	伏しゃ	730		418	-17.6536
プリンセス	Princess	1289		367	-13.0447
プロイセンコウコク	プロイセン公国	1288		446	-14.2604
プライムカイイン	プライム会員	1285		17	-13.3748
プニュプニュ	ぷにゅぷにゅ	1281		501	-16.3318
プハァーッ	ぷはぁーっ	1281		501	-17.6734
プラス		1285		315	-9.9207
プレスター・ジョン		1289		429	-13.3049
プルマン		1288		87	-14.0722
プロサッカーリーグ		1288		348	-13.5027
プリミティブ		1287		45	-13.8718
プラッ	ぷらっ	1281		501	-17.6734
プチ		1289		244	-10.5392
プランナー		1285		324	-12.5162
プライベート		1285		324	-10.7095
プロダクションリード	葦プロダクション	1288		96	-14.2538
プロフィンテルン		1288		346	-15.3347
プ	鮒	1288		501	
プリーズ	please	1285		121	-17.9351
プレイヤーズ		1289		203	-13.2154
プロバンス		1293		6	-14.6068
プリンツ	ぷりんつ	1283		501	-18.1494
プリシラ		1289		11	-14.9915
プロイセンコクオウ	プロイセン国王	1288		273	-14.1568
プルーフ		1285		105	-15.0631
プロセシング		1288		111	-14.6847
プレゼントシ	プレゼントし	1283	610	17	-10.7019
プサイセルプ	psi-celp	1285		501	-17.9351
プレゼント	ぷれぜんと	1283		501	-18.2364
プンスカ	ぷんすか	1281		501	-13.2411
プミポン		1289		501	-15.3258
プレート		1285		304	-10.7931
プレ		1285		203	-17.9351
プサン		1293		99	-13.9319
プリンチャン	ぷりんちゃん	1285	1302	17	-13.3852
プラクティス		1289		421	-12.3858
プリインストール		1288		315	-13.3559
プリンサン	プリンさん	1285	1302	17	-13.3957
プロボックス		1288		315	-14.9778
プランタジネット		1288		273	-14.3681
プリヤ		1285		501	-15.4159
プレイング		1285		152	-14.0431
プレタポルテ		1285		274	-14.6739
プレディア	predia	1289		122	-20.0680
プンダンセン	盆唐線	1288		162	-14.5341
プ	夫	1288		501	
プ	斧	1288		501	
プディング		1285		75	-14.3181
プンプン	😾	5		501	-23.2933
プガンドン	北安洞	1293		501	-17.7008
プリントキバン	プリント基板	1288		139	-13.6746
プライマリー		1288		384	-14.0523
プラリネ		1288		501	-13.9857
プレマ		1285		501	-15.0791
プリンタ		1285		431	-13.1850
プレシーズン		1285		62	-13.8970
プロムス		1285		98	-14.9129
プロ	ぷろ	1285		80	-13.4913
プロトカルチャー		1289		212	-12.7634
プロセッサー		1285		315	-14.0859
プロノ	プロの	1285	368	17	-10.2485
プロシア		1288		34	-14.0673
プログラミングショシンシャ	プログラミング初心者	1283	1285	17	-13.3595
プデュ		1285		501	-14.8232
プカン	ぷかん	1281		501	-16.7571
プレアデス		1288		89	-14.5757
プリングルズ		1288		501	-15.2347
プライベーツ	PRIVATES	1291		122	-19.8210
プラケース		1285		24	-15.7278
プリモプエル		1288		501	-15.3042
プレトリア		1293		272	-13.1977
プレミアムカー		1288		501	-14.4126
ププ	ぷぷ	1281		501	-13.1814
プリプリ		1281		22	-14.1433
プレジャー	pleasure	1285		207	-17.8906
プレブス		1288		408	-13.9614
プロヤキュウセンシュ	プロ野球選手	1288		372	-10.6222
プラシーボコウカ	プラシーボ効果	1288		501	-14.3110
プリンツ		1289		329	-15.2416
プロゴルファー		1288		334	-12.6855
プルタルコス		1288		189	-13.5300
プレスリー	ぷれすりー	1289		501	-17.9060
プンプン	ぷんぷん	1281		501	-12.5548
プラーナヤーマ		1285		501	-15.4277
プリンストンダイガク	プリンストン大学	1292		314	-11.1679
プリズン		1288		448	-14.6928
プロジェクトエー	プロジェクトA	1288		207	-14.9368
プチン	ぷちん	1281		501	-15.1200
プラウ		1285		384	-13.9050
プリティ		1287		203	-12.7097
プチトマト		1288		152	-12.9554
プリティー	pretty	1288		121	-14.9613
プレース	place	1285		121	-17.9351
プッシュツウチ	プッシュ通知	1288		501	-14.3522
プティ		1285		470	-15.1797
プリンス	prince	1288		44	-14.5580
プレッシャーキングプロ		1285		501	-14.9249
プレーンオールドデータ	POD	1288		197	-14.0387
プログレ		1288		412	-13.3403
プラス	ぷらす	1287		415	-12.5518
プロバスケットボール		1288		348	-13.2660
プログラミングガクシュウ	プログラミング学習	1283		17	-12.6787
プロヤキュウチュウケイ	プロ野球中継	1288		305	-12.3127
プランバナン		1285		501	-15.1568
プライド	pride	1285		461	-17.8906
プレステ		1288		227	-13.0911
プロジェクトニ	プロジェクトに	1285	151	17	-11.3908
プラート		1288		463	-14.7503
プラスニ	プラスに	1285	151	17	-11.0360
プ	麩	1288		501	
プラグドア		1288		284	-14.1540
プロリーグ		1288		428	-12.5599
プレ	pre	1285		5	-17.9816
プロヒューモ		1289		38	-13.3334
プリンツ・オイゲン		1289		230	-12.8244
プサ	伏さ	733		418	-17.6736
プルプルッ	ぷるぷるっ	1281		501	-17.6734
プヨ	ぷよ	1289		283	-11.5944
プレゼンテーション		1285		363	-12.1662
プレネ	プレ値	1285		501	-15.0579
プジョー		1292		168	-11.2383
プレバト		1288		501	-14.6026
プログラマー		1285		324	-12.1597
プロジェクト		1285		294	-9.0641
プロデューサーサン	プロデューサーさん	1285	1302	17	-12.4111
プロトタイプ		1285		168	-11.8034
プ		1292		448	-13.3203
プク	伏	1288		501	
プーッ	ぷーっ	1281		501	-17.6734
プンカン	分間	1300		317	-13.6723
プリッツ		1285		274	-14.6621
プス		1285		501	-16.4556
プカア	ぷかあ	1281		501	-17.6734
プチダンジキ	プチ断食	1288		501	-14.2350
プリンシプル		1285		484	-15.7439
プランナイン	Plan 9	1288		77	-14.5067
プワー	ぷわー	1281		501	-17.1576
プルス		1285		448	-15.7258
プカリ	ぷかり	1281		501	-15.5363
プリンストン		1293		138	-12.1139
プレイヤード		1288		204	-14.6847
プロテアーゼ		1288		83	-13.5966
プロヤキュウシンパンイン	プロ野球審判員	1288		14	-14.3221
プ	膚	1288		501	
プラチナ	Platinum	1289		232	-13.7286
プーラン		1288		368	-14.8796
プレスト	ぷれすと	1285		501	-18.5412
プライバシーホゴ	プライバシー保護	1288		501	-14.0787
プラタナス		1285		120	-15.1062
プリキル	PRIKIL	1289		122	-21.4360
プライムビデオ		1285		17	-13.3296
プハッ	ぷはっ	1281		501	-17.6734
プレイングマネージャー		1288		261	-14.5476
プライマリ		1288		45	-14.5176
プレースキック		1285		198	-15.5985
プレシーズンマッチ		1288		306	-14.0875
プライマス		1288		212	-14.4801
プレヤー	ぷれやー	1285		501	-18.4612
プラザゴウイ	プラザ合意	1288		422	-13.9085
プラメ		1285		501	-15.1602
プタハ		1288		429	-14.4670
プラム		1285		391	-13.8130
プリ	蒲犁	1293		501	-17.7008
プラド		1288		347	-14.5552
プルップル	ぷるっぷる	1281		501	-15.7825
プライス		1285		255	-13.0423
プレックス		1285		203	-15.0528
プロセスカンツウシン	プロセス間通信	1288		501	-14.5825
プリメーラ・ディビシオン		1288		348	-12.7611
プロバイオティクス		1288		257	-14.5571
プーン	ぷーん	1281		501	-15.2642
プライムオンライン		1285		17	-12.4806
プッ	ぷっ	3		501	-16.8641
プクリ	ぷくり	1281		501	-15.7310
プロスペロー		1285		222	-15.3758
プルミエール		1288		302	-15.4029
プログレッシブ・ロック		1288		412	-13.0830
プット	put	1285		121	-17.9351
プロポ		1288		241	-14.5642
プレイボーイ	playboy	1285		501	-17.9351
プロプライエタリ		1288		169	-13.7507
プレイステーションポータブル	PlayStation Portable	1288		296	-12.9789
プラプラ		1281		501	-13.5499
プエブロ		1288		138	-14.0303
プネー		1285		373	-15.4000
プラスワン		1288		302	-14.2299
プレミアカカク	プレミア価格	1288		93	-14.5290
プレイバック		1285		302	-13.9414
プラクティス	practice	1289		461	-13.4521
プッシュ		1283		283	-11.9359
プグチフ	プ口フ	1285		17	-12.6701
プロスタグランジン		1288		83	-14.2371
プウン	ぷうん	1281		501	-17.6734
プレイカノウ	プレイ可能	1288		283	-13.3064
プレゼントチュウ	プレゼント中	1283	1305	17	-12.6874
プロヤキュウニュース	プロ野球ニュース	1288		305	-13.0889
プロレスカイ	プロレス界	1285	1298	17	-13.3104
プロトタイピング		1288		294	-13.3403
プロダクトデザイナー		1288		324	-13.1635
プシューケー		1289		222	-13.8951
プリプリ	ぷりぷり	1288		501	-14.3681
プロゲーマー		1288		334	-13.2421
プラスマイナス		1288		221	-14.0986
プロコフィエフ		1290		416	-11.6968
プロピオンサン	プロピオン酸	1288		83	-14.2333
プレパラート		1285		142	-15.0950
プロセス	process	1285		5	-17.8906
プロゴルファーサル	プロゴルファー猿	1288		177	-14.9814
プンッ	ぷんっ	1281		501	-17.6734
プシュン	ぷしゅん	1281		501	-16.9196
プカプカ	ぷかぷか	1281		501	-13.1129
プリペイドカード		1285		118	-12.9466
プレイヤーハ	プレイヤーは	1285	261	17	-11.3677
プルプルプル	ぷるぷるぷる	1281		501	-16.1975
プラズマテレビ		1288		139	-14.1073
プリモ		1292		175	-13.0313
プン	墳	1298		435	-18.1108
プッリャシュウ	プッリャ州	1288		400	-14.3221
プラッ	プラっ	1281		501	-16.9196
プリエンプティブ		1285		169	-15.7686
プロトコル	protocol	1285		232	-17.9351
プロデュース		1283		196	-10.0042
プチッ	プチっ	1281		501	-16.9196
プニ	ぷに	1288		80	-12.8352
プロアマ		1285		17	-13.3800
プラン	ぷらん	1281		501	-16.3124
プウ		1281		501	-16.9196
プロトデビルン		1288		190	-14.3919
プロチーム		1288		428	-13.2864
プレイエル		1292		84	-13.1472
プライドパレード		1288		501	-14.8882
プチャーチン		1288		230	-14.5604
プリズン・ブレイク		1288		496	-14.7896
プレス		1285		64	-15.2055
プロジェクトマネジメント		1288		294	-13.5809
プヨプヨ	ぷよぷよ	1288		296	-12.6455
プカ	ぷか	1281		80	-14.1837
プリプリ		1288		22	-13.4548
プロジェクトセカイ		1285		17	-13.2376
プチッ	ぷちっ	1281		501	-17.6734
プロップ		1288		64	-13.7042
プシューッ	ぷしゅーっ	1281		501	-17.6734
プラモデル		1285		296	-11.7336
プラス	PLUS	1288		40	-12.8276
プリメーラ		1288		348	-13.8210
プサン	釜山	1293		117	-10.5495
プロダクション	production	1285		121	-17.8906
プラザ	ぷらざ	1285		2	-18.4612
プロテイン	protein	1285		5	-17.9351
プン	ぷん	1289		80	-17.5695
プトレマイオスイッセイ	プトレマイオス1世	1288		273	-14.6016
プ	布	1288		501	
プリ	ぷり	1281		80	-17.9611
プテラノドン		1288		499	-14.3808
プロイセングン	プロイセン軍	1288		411	-12.1632
プレゼントコウカン	プレゼント交換	1283		17	-13.2419
プライマリー	primary	1285		5	-17.9351
プレゼント	🎁	1285		501	-22.4141
プロポリス		1288		142	-14.6561
プレイボール		1288		244	-14.3638
プリマドンナ		1285		179	-14.8358
プレゼンツ		1288		244	-13.5836
プトレマイオスチョウ	プトレマイオス朝	1288		359	-13.0300
プロデューサー		1285		324	-9.9058
プロパティー	property	1285		5	-17.8906
プロサッカーセンシュ	プロサッカー選手	1288		348	-12.1276
プレステージ		1292		274	-12.8202
プウタロウ	プー太郎	1285		501	-18.0304
プ	賦	1288		501	